,병원이름,별점,리뷰수,주소,전화,location_type
0,N동물의료센터 노원점,3.4,62건,"서울 노원구 노원로 408, (지번) 상계동 318-2",02-919-0075,0
1,서울동물심장병원,4.3,6건,"서울 강남구 언주로 542 ENP타워 1층, (지번) 역삼동 689-2",02-6203-7588,0
2,서울대학교 수의과대학 동물병원,4.3,9건,"서울 관악구 관악로 1, (지번) 신림동 산 56-1",02-880-8661,0
3,스마트동물병원 신사본점,4.6,5건,"서울 강남구 도산대로 213, (지번) 신사동 587-13",02-549-0275,0
4,웨스턴동물의료센터,3.8,175건,"서울 마포구 신촌로 110 웨스턴5빌딩, (지번) 노고산동 40-56",02-701-7580,0
5,24시우리들동물메디컬센터,3.5,56건,"서울 양천구 목동로 161, (지번) 신정동 1007-10",02-2642-7588,0
6,로얄동물메디컬센터,2.5,45건,"서울 중랑구 망우로 247 로얄스포츠센터 내 1층, (지번) 중화2동 207",02-494-7582,0
7,VIP동물의료센터 청담점,4.8,5건,"서울 강남구 삼성로133길 7 2~4층, (지번) 청담동 46",02-511-7522,0
8,월드펫동물병원,4.4,14건,"서울 종로구 진흥로 477-1, (지번) 신영동 1-11",02-379-7575,0
9,24시샤인동물메디컬센터,3.9,38건,"서울 송파구 송파대로 450, (지번) 송파동 15-6",02-2088-7775,0
10,24시지구촌동물메디컬센터,3.4,27건,"서울 구로구 구로중앙로31길 30 유성빌딩, (지번) 구로동 505-17",02-869-7582,0
11,스마트동물병원,3.8,4건,"서울 강남구 선릉로 418, (지번) 대치동 898",02-554-7582,0
12,수의과대학부속 동물병원,4.0,4건,"서울 광진구 능동로 120, (지번) 화양동 526-34",02-450-3664,0
13,24시 스마트동물메디컬센터,4.6,32건,"서울 은평구 은평로 93, (지번) 응암동 91-5",02-387-7582,0
14,에코동물병원,2.9,22건,"서울 송파구 동남로 161 청공빌딩 101호, (지번) 가락동 137-3",02-443-2222,0
15,24시 글로리 동물병원,3.9,18건,"서울 금천구 시흥대로 483, (지번) 독산동 145-13",02-855-8575,0
16,VIP동물의료센터 성북점,2.6,37건,"서울 성북구 동소문로 73 시티플레이스 지하 1층~지상2층, (지번) 동소문동6가 3-1",02-953-0075,0
17,예은동물병원,3.8,17건,"서울 강남구 도곡로 189, (지번) 역삼동 798-20",02-529-5575,0
18,청담우리동물병원,4.0,3건,"서울 강남구 삼성로 614, (지번) 삼성동 70-6",02-541-7515,0
19,봉천현대동물병원,5.0,4건,"서울 관악구 봉천로 520 3층, (지번) 봉천동 1612-1",,0
20,와우종합동물병원,4.9,45건,"서울 관악구 난곡로 247, (지번) 신림동 763-20",02-866-0880,0
21,청담눈초롱안과동물병원,5.0,2건,"서울 강남구 도산대로 539 금원빌딩 4층, (지번) 청담동 125-12",02-512-7566,0
22,아크리스동물의료센터,4.7,12건,"서울 강남구 봉은사로104길 10 아이큐타워 3층, (지번) 삼성동 160-21",02-583-7582,0
23,에이드동물병원,4.6,5건,"서울 강남구 논현로 813 지하1층, 1층, (지번) 신사동 586-3",02-545-4975,0
24,24시 수동물메디컬센터,3.4,28건,"서울 영등포구 영등포로 85-1, (지번) 양평동1가 28-3",02-2676-7582,0
25,동물메디컬센터W,2.5,47건,"서울 마포구 월드컵로 46, (지번) 서교동 444-5",02-323-8275,0
26,이로동물의료센터,4.1,37건,"서울 관악구 남부순환로 1678 동보빌딩 1층, (지번) 신림동 10-631",02-887-1575,0
27,파스텔동물병원,4.7,22건,"서울 강서구 화곡로 112, (지번) 화곡동 1070-1",02-2693-0075,0
28,강북24시N동물의료센터,2.0,11건,"서울 성북구 삼양로4길 3, (지번) 길음2동 1163",02-984-0075,0
29,24시안박동물병원,4.8,12건,"서울 강서구 양천로 510 1층 101-1호, (지번) 등촌동 628-13",02-3664-7511,0
30,중앙동물메디컬센터,3.8,12건,"서울 강남구 영동대로 630, (지번) 삼성동 90-8",02-512-3331,0
31,노아동물병원,5.0,5건,"서울 송파구 오금로 498, (지번) 거여동 562-4",02-401-0075,0
32,러브펫종합동물병원,3.7,23건,"서울 관악구 남부순환로 1429, (지번) 신림동 564-3",,0
33,어울림동물병원,3.5,19건,"서울 서대문구 가재울미래로 2 DMC파크뷰자이 104동 102A호, (지번) 남가좌동 155-185",02-305-4242,0
34,24시산들산들동물병원,3.4,11건,"서울 마포구 마포대로16길 7, (지번) 아현동 424-14",02-393-3588,0
35,잠실온동물의료센터,4.0,22건,"서울 송파구 올림픽로 76 J타워 1,2층, (지번) 잠실동 175-6",02-418-0724,0
36,영등포종합동물병원,4.5,22건,"서울 영등포구 영등포로 131-2, (지번) 당산동1가 40-18",02-2633-9991,0
37,이리온 청담점,1.6,5건,"서울 강남구 도산대로 445 2층, (지번) 청담동 97-1",1577-6125,0
38,24시센트럴동물메디컬센터,1.6,13건,"서울 성동구 고산자로 207, (지번) 행당동 318-36",02-3395-7975,0
39,청담아이윌24시동물병원,5.0,8건,"서울 강남구 삼성로133길 3 지하1층, (지번) 청담동 47",02-6925-7021,0
40,츄츄동물병원,4.0,9건,"서울 강남구 논현로67길 56, (지번) 역삼동 834-66",02-512-0075,0
41,리베동물메디컬센터,2.2,18건,"서울 양천구 오목로 280 1층, (지번) 목동 408-115",02-2604-0156,0
42,한양동물메디컬센터,3.7,3건,"서울 성동구 왕십리로 282, (지번) 행당동 226-3",02-2281-5200,0
43,금천24시K동물의료센터,4.1,15건,"서울 금천구 시흥대로 251 도일산호시티빌 1층 105호, (지번) 시흥동 999-1",02-808-2475,0
44,도그마루 동물병원,3.2,98건,"서울 송파구 석촌호수로 104 1층, (지번) 잠실동 242-2",070-4349-3357,0
45,아이원동물병원,4.5,8건,"서울 동대문구 전농로 80 1층, (지번) 답십리동 52-3",02-2217-8930,0
46,24시아프리카동물메디컬센터,2.7,13건,"서울 강서구 공항대로 335 경왕빌딩, (지번) 등촌동 664-1",02-3663-7975,0
47,다나동물병원,5.0,13건,"서울 강서구 강서로 254, (지번) 화곡동 1159-1",02-2690-1060,0
48,24시마곡M동물의료센터,4.4,18건,"서울 강서구 방화대로33길 3 성은빌딩 1, 2층, (지번) 방화동 246-64",02-2662-7515,0
49,골드퍼피동물병원 공릉점,,,"서울 노원구 동일로 1014 1층, (지번) 공릉동 596-5",02-971-5955,0
50,우리동물메디컬센터,2.6,7건,"서울 금천구 남부순환로 1386, (지번) 독산동 950-3",02-853-7582,0
51,24시굿케어동물의료센터,2.9,17건,"서울 관악구 남부순환로 1861 1층 103호, (지번) 봉천동 1673-21",02-6956-2475,0
52,둘리동물병원,4.4,26건,"서울 도봉구 도봉로 506, (지번) 창동 661-3",02-993-0075,0
53,포유동물병원,4.3,6건,"서울 성북구 오패산로 22, (지번) 하월곡동 62-4",02-912-6555,0
54,송이종합동물병원,3.5,8건,"서울 송파구 가락로 210 1층, (지번) 송파동 146-6",02-415-7114,0
55,24시 루시드동물메디컬센터,2.9,27건,"서울 강북구 월계로 3 4층, (지번) 미아동 42-11",02-941-7900,0
56,세계로동물병원,4.3,55건,"서울 관악구 남부순환로 1497, (지번) 신사동 526-9",02-868-3931,0
57,VIP동물의료센터 서초점,4.4,12건,"서울 서초구 동작대로 36, (지번) 방배동 442-3",02-525-3102,0
58,스마트동물병원 동대문점,5.0,10건,"서울 동대문구 한천로 164 원석빌딩 1층, (지번) 장안동 483",02-2242-0175,0
59,서초이음동물병원,5.0,7건,"서울 서초구 효령로 347 서광빌딩 1층, (지번) 서초동 1605-5",02-3474-7582,0
60,최영민동물의료센터,3.8,8건,"서울 강남구 논현로132길 24 2층, (지번) 논현동 88-4",02-546-9539,0
61,워너비동물병원,3.4,5건,"서울 마포구 동교로 193 동진빌딩 1,2층, (지번) 동교동 200-29",02-322-1275,0
62,마리스동물의료센터,2.1,7건,"서울 강동구 올림픽로 820, (지번) 암사동 462-3",02-442-8287,0
63,동물병원알루,5.0,5건,"서울 송파구 법원로4길 6 문정아이파크 1층 128,129호, (지번) 문정동 652-5",02-402-3270,0
64,25시동물의료센터,2.2,6건,"서울 송파구 삼전로 80 1,2층, (지번) 삼전동 5-3",02-419-1351,0
65,잠실베스트동물메디컬센터,3.0,6건,"서울 송파구 삼학사로 88 1,2층, (지번) 석촌동 2-9",02-2203-7975,0
66,이안동물의학센터,3.7,3건,"서울 강남구 선릉로 806 킹콩빌딩 5층, (지번) 청담동 86",02-574-7533,0
67,우신종합동물병원,4.0,13건,"서울 양천구 중앙로 295, (지번) 신월2동 501-12",02-2693-8883,0
68,24시 강서젠틀리동물의료센터,2.6,5건,"서울 강서구 마곡중앙1로 72 엠타워 101호, (지번) 마곡동 730-328",02-2662-8111,0
69,이룸동물병원24시,3.7,3건,"서울 송파구 삼학사로 44, (지번) 석촌동 213-2",02-419-7580,0
70,키다리동물병원,4.9,12건,"서울 마포구 월드컵북로 218 2층 201호, (지번) 성산동 151-6",02-376-7675,0
71,그녀의동물병원,3.9,7건,"서울 서대문구 연희로11가길 48-4 1층, (지번) 연희동 433-8",,0
72,둘레길동물병원,5.0,6건,"서울 은평구 연서로 317 동윤빌딩 1층, (지번) 불광동 104-94",02-354-7544,0
73,라파엘종합동물병원,5.0,2건,"서울 서초구 강남대로 525-3, (지번) 반포동 722-29",02-3444-7507,0
74,봄봄동물병원,4.9,16건,"서울 동대문구 회기로18길 46, (지번) 회기동 62-8",02-969-7579,0
75,혜인종합동물병원 본점,4.0,16건,"서울 양천구 등촌로 218, (지번) 목동 613-8",02-2645-1475,0
76,길종합동물병원,5.0,2건,"서울 강동구 천호대로 1199, (지번) 길동 151",02-484-0075,0
77,웰케어동물병원,4.5,4건,"서울 마포구 월드컵북로 27, (지번) 서교동 447-2",02-337-7575,0
78,한성동물병원,2.4,14건,"서울 관악구 신림로 265, (지번) 서원동 409-165",02-872-7609,0
79,심바동물병원,4.5,17건,"서울 서초구 서초대로4길 4, (지번) 방배동 951-3",02-523-0275,0
80,닥터아이펫동물병원,4.7,15건,"서울 중랑구 망우로 315 영진빌딩 2층, (지번) 상봉동 99-10",02-2208-0329,0
81,다나동물병원,4.6,10건,"서울 동작구 동작대로 47, (지번) 사당동 1019-54",02-3471-0375,0
82,웰튼동물의료센터,4.0,4건,"서울 중구 난계로 197 1,2,4층, (지번) 황학동 1596",02-2253-2233,0
83,늘푸른동물병원,4.1,20건,"서울 관악구 난곡로 223-1, (지번) 신림동 727-21",02-857-7572,0
84,날으는동물병원,4.6,17건,"서울 마포구 마포대로11길 35 1층, (지번) 공덕동 222-2",02-2135-2225,0
85,우리동생동물병원 마포성산점,4.0,21건,"서울 마포구 월드컵북로12길 22, (지번) 성산동 17-23",02-335-3333,0
86,강남25시 종합동물병원,3.7,3건,"서울 강남구 학동로 235, (지번) 논현동 90-6",02-545-8575,0
87,24시SNC동물메디컬센터,4.5,38건,"서울 강남구 논현로 416 운기빌딩 1층, (지번) 역삼동 727-8",02-562-7582,0
88,바른펫 동물의료센터,2.9,10건,"서울 강북구 노해로 65, (지번) 수유동 39-62",02-903-7582,0
89,VIP동물의료센터 노원점,4.1,10건,"서울 노원구 동일로 1333, (지번) 상계동 763-5",02-931-1333,0
90,동물제중원 금손이동물병원,5.0,1건,"서울 서초구 서초대로 124, (지번) 방배동 894-2",02-581-5500,0
91,품 동물의료센터,5.0,16건,"서울 동작구 양녕로 277-1 1층, (지번) 상도1동 623",02-812-7585,0
92,아이힐동물병원,5.0,2건,"서울 강남구 도곡로 115 거암빌딩 2층, (지번) 역삼동 838-9",02-561-3375,0
93,아인스동물병원,4.9,12건,"서울 동대문구 장한로 44 중앙빌딩 1층, (지번) 장안동 435-6",02-2213-0075,0
94,24시스카이동물의료센터 강동점,3.6,9건,"서울 강동구 천호대로 1122, (지번) 성내동 244-2",02-472-7579,0
95,헬프유기동물의료센터,4.5,17건,"서울 서초구 서초대로15길 8-10 1층, (지번) 방배동 871-3",02-583-7580,0
96,박동물병원,5.0,4건,"서울 강서구 강서로 333, (지번) 내발산동 655-12",02-3665-5982,0
97,혜민동물병원,2.4,11건,"서울 강남구 봉은사로57길 59, (지번) 삼성동 10-25",02-454-8275,0
98,송파스마일동물병원,,,"서울 송파구 새말로5길 17, (지번) 문정동 57-3",02-448-7588,0
99,필동물종합병원,4.9,9건,"서울 양천구 등촌로 16 1층, (지번) 목동 805-2",02-2649-0774,0
100,플러스동물메디컬센터,3.6,17건,"서울 영등포구 양평로12가길 14 1층, (지번) 양평동4가 281",02-3662-3533,0
101,24시 닥터멍동물병원,4.8,6건,"서울 강남구 논현로 515, (지번) 역삼동 641-10",02-554-7505,0
102,한수동물병원,5.0,5건,"서울 은평구 증산로 267 1층, (지번) 증산동 174-6",02-306-8575,0
103,원동물병원,4.5,15건,"서울 동작구 사당로 180, (지번) 사당동 224-24",02-587-5618,0
104,드림동물병원,5.0,10건,"서울 강남구 역삼로 234 뉴튼프라자 101호, (지번) 역삼동 771",02-508-7583,0
105,채움동물의료센터,3.4,5건,"서울 송파구 동남로 282 1층, (지번) 오금동 151-1",02-443-6933,0
106,VIP동물의료센터 동대문점,2.6,17건,"서울 동대문구 답십리로 298 1층, (지번) 장안동 335-3",02-2215-7522,0
107,선릉동물병원,5.0,3건,"서울 강남구 선릉로 533 1층, (지번) 역삼동 694-11",02-557-1555,0
108,우리들동물종합병원,5.0,7건,"서울 노원구 동일로 1280 무지개아파트상가, (지번) 중계동 512",02-979-8275,0
109,24시SD동물의료센터,5.0,1건,"서울 중구 왕십리로 407 2층 3~5호, (지번) 신당동 855",02-2039-0303,0
110,고덕24시동물병원,3.1,8건,"서울 강동구 동남로 877 106호, (지번) 명일동 48-17",02-6227-8275,0
111,다온동물병원,4.4,7건,"서울 양천구 중앙로 230, (지번) 신정동 1052-3",02-2643-8204,0
112,한마음동물병원,3.7,6건,"서울 강서구 강서로18길 17, (지번) 화곡동 338-21",02-2692-8275,0
113,하니동물의료센터,3.2,11건,"서울 양천구 등촌로 58 한독빌딩 1,2층, (지번) 목동 783-2",02-2647-1772,0
114,현림종합동물병원,2.6,7건,"서울 양천구 등촌로 160, (지번) 목동 657-16",02-2642-8886,0
115,스킨앤이어동물병원,4.8,4건,"서울 송파구 위례성대로 102 태평양파크빌라트 아케이드 2층 202호, (지번) 방이동 181",02-417-3021,0
116,씨에이치동물병원,4.3,7건,"서울 강동구 구천면로 322, (지번) 천호1동 233-145",02-488-7510,0
117,주주동물종합병원,4.5,14건,"서울 강남구 선릉로 412, (지번) 대치동 898-8",02-556-0975,0
118,현대종합동물병원,4.7,3건,"서울 강북구 노해로 94, (지번) 수유동 252-199",02-999-9110,0
119,24시 신도림S동물의료센터,4.4,7건,"서울 구로구 경인로 619-3 상가 201호, (지번) 신도림동 435-10",02-6949-3575,0
120,서울동물병원,3.4,5건,"서울 영등포구 영중로27길 10, (지번) 영등포동7가 64-48",02-2632-8687,0
121,윤신근박사동물병원,1.8,24건,"서울 중구 퇴계로 226, (지번) 필동2가 53",02-2272-1234,0
122,라온동물병원,3.4,8건,"서울 마포구 월드컵북로 151 1층, (지번) 성산동 94-4",02-375-7575,0
123,대형동물병원,4.7,3건,"서울 강북구 한천로 1135, (지번) 수유동 266-20",02-998-1785,0
124,동물사랑동물병원,3.8,41건,"서울 마포구 월드컵로 73 1층, (지번) 망원동 378-3",02-3142-0008,0
125,시유동물메디컬센터,3.9,15건,"서울 용산구 이촌로64길 24, (지번) 이촌동 302-88",02-793-0075,0
126,충현동물종합병원,3.5,10건,"서울 강남구 논현로 621, (지번) 논현동 191-12",02-549-7582,0
127,보라매웰 종합동물병원,4.6,14건,"서울 동작구 상도로 16, (지번) 대방동 401-22",02-3280-7975,0
128,심재웅동물병원,5.0,8건,"서울 동대문구 망우로 120, (지번) 휘경동 34-48",02-2244-7755,0
129,이앤박동물병원,3.5,8건,"서울 노원구 한글비석로52길 18 1층, (지번) 상계동 456-128",02-939-6898,0
130,한솔동물병원,3.1,15건,"서울 서대문구 통일로 392, (지번) 홍제동 103-6",02-737-8374,0
131,아이웰동물의료센터,4.1,11건,"서울 마포구 백범로 130 뉴한일빌딩 1층, (지번) 염리동 156-1",02-2088-1375,0
132,애니컴메디컬센터,5.0,8건,"서울 중구 다산로 83-1, (지번) 신당동 353-130",02-2232-9702,0
133,성지동물병원,5.0,2건,"서울 중랑구 면목로 311, (지번) 면목7동 634-5",02-493-7582,0
134,365 마음동물병원,5.0,6건,"서울 구로구 오리로 1286 2층, (지번) 궁동 170-11",02-2611-5223,0
135,아이봄동물병원,4.0,11건,"서울 중랑구 신내로 66 1층, (지번) 신내동 563-2",02-433-7515,0
136,퍼피즌동물병원,5.0,7건,"서울 강남구 선릉로 636 키스톤빌딩 1층, (지번) 삼성동 34-3",02-541-2651,0
137,서진동물병원,4.7,20건,"서울 관악구 봉천로 236, (지번) 신림동 1429-2",02-887-2165,0
138,셀레네동물병원,5.0,14건,"서울 마포구 독막로 85, (지번) 상수동 310-1",02-335-5232,0
139,페토피아동물병원,2.6,5건,"서울 송파구 오금로 203, (지번) 방이동 124-8",02-414-0075,0
140,치료멍멍동물병원 신사본원,4.8,5건,"서울 강남구 도산대로 309, (지번) 신사동 630-23",02-545-0075,0
141,프라임동물병원,5.0,1건,"서울 광진구 아차산로 451 제B1-1호, (지번) 구의동 659",02-457-0292,0
142,이비치동물치과병원,2.0,12건,"서울 강남구 선릉로 756 대성빌딩 2층, (지번) 청담동 1-18",02-511-2842,0
143,우신동물병원,3.7,6건,"서울 은평구 연서로 72, (지번) 역촌동 22-49",02-356-7547,0
144,나우동물의료센터,5.0,3건,"서울 노원구 동일로 1636 1층, (지번) 상계동 1025-31",02-952-9111,0
145,양지동물병원,2.4,8건,"서울 관악구 남부순환로191길 6 1층, (지번) 봉천동 959-9",02-874-3535,0
146,닥터캣고양이병원,4.1,13건,"서울 송파구 백제고분로 293 2층 202호, (지번) 석촌동 15",02-2039-2575,0
147,항동푸른숲동물병원,5.0,2건,"서울 구로구 항동로3길 4 1,2층, (지번) 항동 128-14",02-2088-7578,0
148,마곡나무동물병원,4.3,10건,"서울 강서구 마곡중앙1로 72 1014동 103호, (지번) 마곡동 747",02-2661-7515,0
149,한양동물병원,5.0,2건,"서울 송파구 가락로 162, (지번) 송파동 103-29",02-420-9993,0
150,메이플동물의료센터,4.6,10건,"서울 강동구 아리수로93나길 60 골드프라자 202,203호, (지번) 강일동 75-10",02-426-7979,0
151,서울동물종합병원,3.2,21건,"서울 성북구 보문로 137, (지번) 보문동2가 49",02-928-5599,0
152,정겨운동물병원,4.3,6건,"서울 동작구 상도로 315, (지번) 상도1동 261",02-817-8172,0
153,서울동물병원,4.1,16건,"서울 광진구 천호대로 623-1, (지번) 중곡동 119-7",02-2038-8253,0
154,24시예스동물병원,5.0,2건,"서울 서초구 잠원로 24, (지번) 반포1동 20-45",02-534-3475,0
155,강북우리동물의료센터,5.0,1건,"서울 도봉구 도봉로 586, (지번) 창동 731-72",02-999-7582,0
156,한빛종합동물병원,3.0,3건,"서울 노원구 동일로 1370, (지번) 상계동 749-10",02-951-7582,0
157,중앙동물병원,4.6,10건,"서울 강북구 도봉로 88, (지번) 미아동 98-39",02-982-8698,0
158,24시 애니 동물병원,,,"서울 성북구 보문로 99 1층, (지번) 보문동5가 3-1",02-926-8275,0
159,더조은동물의료센터,4.1,12건,"서울 금천구 시흥대로 172, (지번) 시흥동 904-6",02-802-2811,0
160,두암동물병원,5.0,1건,"서울 양천구 목동중앙북로 73, (지번) 목동 507-20",02-846-4597,0
161,오늘동물병원,,,"서울 성동구 왕십리로 104 2층, (지번) 성수동1가 656-968",02-469-7975,0
162,행복한동물병원,3.7,3건,"서울 성북구 돌곶이로 91, (지번) 장위동 64-123",02-915-7582,0
163,대한동물병원,1.8,4건,"서울 강서구 화곡로 205, (지번) 화곡동 1059-51",02-2694-4821,0
164,유석동물병원,3.2,14건,"서울 영등포구 여의대방로 11 방주빌딩 1층, (지번) 신길동 4824",02-833-7554,0
165,에이플러스동물병원,4.5,8건,"서울 서대문구 연희로 114 1층, (지번) 연희동 135-9",02-3144-7582,0
166,로운동물병원,3.3,13건,"서울 강서구 등촌로 223 2층, (지번) 등촌동 507-8",02-6953-7576,0
167,베를린동물치과센터,3.9,15건,"서울 송파구 백제고분로 506 4층, (지번) 방이동 180-3",02-830-1494,0
168,홍익동물병원,3.9,8건,"서울 마포구 독막로 45, (지번) 합정동 411-18",02-325-2026,0
169,봄빛동물병원,5.0,1건,"서울 송파구 송이로 171, (지번) 가락동 125-8",02-400-7582,0
170,위드동물병원,3.2,13건,"서울 서대문구 응암로 76, (지번) 북가좌동 300-2",02-373-7500,0
171,라라동물의료원,,,"서울 구로구 도림로 72 1,2층, (지번) 구로동 309-2",02-839-7585,0
172,백년동물병원,4.3,6건,"서울 서대문구 가좌로 104, (지번) 홍은동 398-9",02-373-2923,0
173,우리아이동물병원,4.9,19건,"서울 동작구 상도로 262, (지번) 상도동 34-18",02-823-7500,0
174,더힐동물의료센터,4.3,6건,"서울 용산구 독서당로 81-1 3층, (지번) 한남동 29-6",02-792-8275,0
175,와이즈24시동물병원,,,"서울 강남구 학동로6길 7, (지번) 논현동 123-5",02-3446-8253,0
176,강북동물병원,0.0,0건,"서울 강북구 오현로 194 덕수빌딩 1층, (지번) 번동 309",02-985-7525,0
177,수동물병원,4.4,7건,"서울 성동구 광나루로 337, (지번) 송정동 79-2",02-3409-4640,0
178,원스동물병원,3.7,3건,"서울 용산구 청파로47길 16, (지번) 청파동2가 90-20",02-719-8275,0
179,원러브동물의료센터,5.0,8건,"서울 성북구 아리랑로 75 돈암코오롱하늘채 상가 110호, (지번) 돈암동 644",02-6956-0040,0
180,뉴욕동물병원,5.0,7건,"서울 마포구 양화로 68, (지번) 서교동 395-44",02-333-9558,0
181,스머프동물병원,4.6,10건,"서울 은평구 백련산로 145, (지번) 응암동 194-23",02-969-7582,0
182,클로버 동물병원,5.0,5건,"서울 구로구 서해안로 2096 청솔프라자 2층 203, 204호, (지번) 항동 121-1",02-2687-7582,0
183,관악동물종합병원,4.6,10건,"서울 관악구 남부순환로 1859, (지번) 행운동 1665-4",02-883-2733,0
184,누리봄동물병원,5.0,3건,"서울 종로구 사직로12길 2, (지번) 내자동 125-3",02-735-7530,0
185,연서동물종합병원,5.0,2건,"서울 은평구 연서로 162, (지번) 대조동 223-13",02-358-7582,0
186,내품에동물병원,4.9,14건,"서울 강동구 천호대로 1120 LIG건영 주상복합 102호, (지번) 성내동 244-12",02-477-1775,0
187,올리브동물병원,2.9,9건,"서울 종로구 자하문로 305, (지번) 홍지동 126-8",02-391-7502,0
188,라임동물병원,4.6,9건,"서울 성동구 무학로 16, (지번) 홍익동 398-2",02-2281-8122,0
189,압구정동물병원,3.0,8건,"서울 강남구 압구정로 224 105호, (지번) 신사동 616-2",02-547-7588,0
190,지엔동물병원,3.0,6건,"서울 동작구 상도로31길 87, (지번) 상도동 22-151",02-812-8275,0
191,마리 동물병원,3.0,2건,"서울 마포구 신촌로 16, (지번) 동교동 174-20",02-323-7582,0
192,센트럴동물병원,5.0,2건,"서울 강동구 고덕로 399 고덕센트럴푸르지오 메가스퀘어 225호, (지번) 고덕동 210-1",02-3428-0045,0
193,밀리언동물병원,4.4,76건,"서울 양천구 신월로 320 1층, (지번) 신정동 1028-4",02-2061-5277,0
194,대치동물메디컬센터,5.0,2건,"서울 강남구 도곡로 520, (지번) 대치동 990-1",02-501-8275,0
195,대방동물병원,4.7,15건,"서울 영등포구 여의대방로35길 1, (지번) 신길동 628",02-833-0309,0
196,우리아이동물메디컬센터,4.0,5건,"서울 강서구 공항대로 284 동서빌딩 1층 2호, (지번) 내발산동 646",02-3664-0075,0
197,송파동물종합병원,2.6,10건,"서울 송파구 송파대로 378, (지번) 송파동 97-14",02-424-3662,0
198,나래동물병원,4.0,27건,"서울 광진구 능동로 283, (지번) 군자동 1-2",02-463-3216,0
199,남산동물병원,4.0,5건,"서울 용산구 후암로 51, (지번) 후암동 63-1",02-778-7582,0
200,용강동물병원,3.0,6건,"서울 마포구 대흥로 48, (지번) 대흥동 337-41",02-707-2340,0
201,경인동물의료센터,3.8,11건,"서울 영등포구 경인로 832 대성빌딩 1층, (지번) 영등포동 423-44",02-571-8275,0
202,링크동물의료센터,4.0,8건,"서울 서대문구 신촌로 209, (지번) 북아현동 251-40",02-393-7577,0
203,원효동물병원,2.3,3건,"서울 용산구 새창로 122-2, (지번) 용문동 25-36",,0
204,퍼스트동물병원,4.5,8건,"서울 성북구 한천로 713 래미안장위 퍼스트하이아파트 515동 상가 2층 206, 207호, (지번) 장위동 175-41",02-911-7582,0
205,모두동물병원,4.0,9건,"서울 구로구 개봉로20길 26 조양빌딩 1층, (지번) 개봉동 403-229",02-2060-7975,0
206,보듬동물병원,5.0,5건,"서울 도봉구 해등로 255 신원에벤에셀상가 121호, (지번) 쌍문동 256",02-6954-7544,0
207,상도힐링동물병원,2.6,14건,"서울 동작구 상도로 353, (지번) 상도동 486-7",02-812-7512,0
208,서교동물병원,3.3,12건,"서울 마포구 포은로 107 2층, (지번) 망원동 415-32",02-332-7984,0
209,공항축산동물병원,4.0,4건,"서울 강서구 개화동로29길 15, (지번) 방화2동 612-129",02-2663-8520,0
210,강앤정동물병원,5.0,11건,"서울 서대문구 가재울미래로 2 DMC파크뷰자이 204동 102-2,103-1호, (지번) 남가좌동 278-36",02-305-7505,0
211,오렌지 동물병원,4.3,7건,"서울 성동구 행당로8길 41-2, (지번) 행당동 322-100",02-2297-7582,0
212,서울동물의료센터,3.0,2건,"서울 강남구 역삼로 426 1,2층, (지번) 대치동 909-5",02-566-8211,0
213,닥터윤 24시동물병원,3.6,11건,"서울 은평구 통일로 817, (지번) 대조동 187-24",02-359-2020,0
214,민병철종합동물병원,5.0,2건,"서울 양천구 남부순환로 347, (지번) 신월동 50-5",02-2695-1231,0
215,퓨리나동물병원,4.2,5건,"서울 도봉구 도봉로 469, (지번) 쌍문동 96-25",02-900-9929,0
216,사랑의동물병원,3.4,5건,"서울 강북구 솔샘로 184 주상가 209호, (지번) 미아동 1353-5",02-983-8575,0
217,현대종합동물병원,4.6,10건,"서울 동대문구 답십리로 293, (지번) 장안동 330-2",02-2212-7596,0
218,미소로동물병원,5.0,7건,"서울 영등포구 영신로 238 미소로프라자1층, (지번) 영등포동8가 72",02-2679-9997,0
219,반려동물의료센터 다울,3.0,2건,"서울 서초구 효령로 95 1층, (지번) 방배동 915-10",02-3473-0911,0
220,캣앤캣 고양이병원,4.6,10건,"서울 영등포구 선유로 76 동국메뜨리앙 2층 206호, (지번) 문래동3가 84-2",02-2677-2720,0
221,사랑의동물병원,3.5,4건,"서울 서초구 마방로6길 18, (지번) 양재동 257-2",02-577-7475,0
222,스마트동물병원,3.3,7건,"서울 강북구 솔샘로 203-2, (지번) 미아동 839-223",02-987-7588,0
223,천호동물병원,1.0,1건,"서울 송파구 올림픽로 611, (지번) 풍납동 480-2",02-473-6900,0
224,캣&덴탈하이디동물병원,4.6,10건,"서울 마포구 월드컵로3길 14 123호, (지번) 합정동 473",02-338-0275,0
225,한사랑동물병원,4.5,11건,"서울 성북구 성북로 27, (지번) 성북동1가 115-23",02-743-7582,0
226,강서YD동물의료센터,,,"서울 강서구 화곡로 371, (지번) 등촌동 658-4",02-518-7500,0
227,메인동물메디컬센터,2.2,13건,"서울 노원구 동일로 1025-1, (지번) 공릉동 576-23",02-979-8575,0
228,로얄도그앤캣메디컬센터 스타건대점,2.1,11건,"서울 광진구 능동로 49, (지번) 자양동 550-1",02-468-6612,0
229,금란 동물병원,3.4,5건,"서울 중랑구 용마산로 532, (지번) 망우본동 364-27",02-492-7582,0
230,화신동물병원,4.0,4건,"서울 도봉구 도당로 63, (지번) 방학동 664-11",02-3491-7060,0
231,솔샘동물병원,5.0,5건,"서울 강북구 삼양로27길 19 삼성래미안트리베라 2차 상가 204동 108호, (지번) 미아동 812",02-988-7582,0
232,위례S동물의료센터,3.3,11건,"서울 송파구 위례광장로 200 2층, (지번) 장지동 881-5",02-431-7575,0
233,디아크동물종합병원,3.4,10건,"서울 동작구 장승배기로27길 18, (지번) 노량진2동 246-1",02-816-7582,0
234,동물병원 움,4.4,7건,"서울 은평구 불광로 59 1층 나호, (지번) 불광동 276-32",02-6956-7599,0
235,비바동물병원,4.5,8건,"서울 관악구 쑥고개로 57-1 1층, (지번) 봉천동 1563-6",02-872-7582,0
236,차지우동물병원,3.9,7건,"서울 강서구 강서로62길 10, (지번) 등촌동 680",02-2235-1533,0
237,땅콩동물병원,5.0,3건,"서울 동대문구 답십리로 224-1, (지번) 답십리동 3-125",02-3394-7075,0
238,엘동물병원,3.5,4건,"서울 동대문구 고산자로 393-5, (지번) 용두동 38-1",02-3295-3927,0
239,애니케어동물병원,4.0,4건,"서울 동대문구 이문로 80, (지번) 이문1동 324-3",02-967-0877,0
240,고려동물병원,5.0,3건,"서울 노원구 덕릉로 738, (지번) 상계동 79-145",02-3391-0075,0
241,대학동물병원,4.6,8건,"서울 성북구 화랑로 299 한일 노벨리아시티 210호, (지번) 장위동 8-7",02-918-3344,0
242,앙리동물병원,5.0,1건,"서울 성북구 성북로 66 1층, (지번) 성북동 155-15",02-766-7577,0
243,메이트동물병원,2.8,4건,"서울 강남구 압구정로 332, (지번) 신사동 660-7",02-540-6303,0
244,에이원동물병원,1.0,2건,"서울 서초구 반포대로 89 유민빌딩 1층, (지번) 서초동 1538-9",02-521-8181,0
245,바우미우동물병원,1.8,5건,"서울 중구 다산로 175 명독빌딩 1층, (지번) 신당동 336-3",02-2237-3366,0
246,우주동물병원,4.2,5건,"서울 광진구 자양로15길 30 1층, (지번) 자양동 612-56",02-2039-9930,0
247,파랑새동물병원,3.2,11건,"서울 금천구 시흥대로 276, (지번) 독산동 1077-31",02-805-2825,0
248,미래동물병원,4.8,6건,"서울 은평구 서오릉로 192 1층, (지번) 갈현2동 498-3",02-386-6092,0
249,서울숲동물병원,4.0,4건,"서울 성동구 뚝섬로 386, (지번) 성수동2가 333-3",02-466-2475,0
250,홍제동물병원,3.5,8건,"서울 서대문구 통일로 463, (지번) 홍제동 330-54",02-396-5525,0
251,공원옆동물병원,5.0,10건,"서울 양천구 목동서로 349 센트럴프라자 104호, (지번) 신정동 321-6",02-2650-8275,0
252,로얄동물병원,3.0,15건,"서울 은평구 연서로 137, (지번) 구산동 1-1",02-354-0975,0
253,바른동물병원,4.8,6건,"서울 중구 퇴계로 447 황학아크로타워 1층131호, (지번) 황학동 688",02-2232-7975,0
254,보성통증동물병원,5.0,5건,"서울 성북구 보국문로 68-1 1층, (지번) 정릉동 285-4",02-943-8376,0
255,OK동물병원,4.6,10건,"서울 강남구 도곡로51길 4 1층, (지번) 역삼동 766-20",02-569-7582,0
256,오석헌동물병원,5.0,4건,"서울 성동구 독서당로 223 래미안옥수리버젠 상가1층, (지번) 옥수동 561",02-6402-0301,0
257,미래동물병원,5.0,3건,"서울 강서구 강서로 45, (지번) 화곡1동 343-51",02-2608-0234,0
258,주동물병원,4.2,5건,"서울 성북구 정릉로 328 1층, (지번) 정릉동 16-162",02-914-5545,0
259,온마음 동물메디컬센터,3.0,2건,"서울 송파구 오금로 473, (지번) 거여동 20-5",02-449-0075,0
260,꿈이크는동물병원,4.9,7건,"서울 송파구 백제고분로 115 그린빌딩 1층, (지번) 잠실본동 222-6",02-420-7580,0
261,어울동물의료센터,5.0,5건,"서울 은평구 통일로 665, (지번) 녹번동 28-1",02-384-1110,0
262,아이엠동물병원,2.5,8건,"서울 마포구 양화로 72 효성해링턴타워 1층 121호, (지번) 서교동 494",02-338-2475,0
263,한샘동물병원,1.0,1건,"서울 구로구 경인로40길 23, (지번) 개봉동 175-18",,0
264,야옹동물병원,4.3,22건,"서울 은평구 응암로 286, (지번) 응암동 107-12",02-354-0087,0
265,광화문동물병원,4.2,5건,"서울 종로구 자하문로 35-3 101호, (지번) 통인동 147-7",02-722-8275,0
266,송파마리동물병원,5.0,2건,"서울 송파구 오금로 185 1층, (지번) 방이동 115-4",02-415-7555,0
267,중곡동물병원,4.2,5건,"서울 광진구 긴고랑로 47, (지번) 중곡동 241-34",02-462-5595,0
268,태양동물병원,0.0,0건,"서울 성북구 돌곶이로 31, (지번) 석관동 332-23",02-969-0075,0
269,금나래동물병원,5.0,5건,"서울 금천구 벚꽃로 30, (지번) 독산동 1150",,0
270,광진필동물병원,4.0,4건,"서울 광진구 광나루로56길 66 강변상가 1,2층, (지번) 구의동 611",02-446-8175,0
271,뉴타운동물병원,4.5,2건,"서울 은평구 진관3로 70 은평뉴타운상림마을 821동, (지번) 진관동 20",02-385-8275,0
272,시마동물병원,5.0,1건,"서울 노원구 동일로 1362 402동 2층, (지번) 상계동 749-5",02-908-7585,0
273,가온동물병원,2.7,6건,"서울 강동구 상일로 153 1층, (지번) 고덕동 172-9",02-6953-7512,0
274,청화종합동물병원,2.7,7건,"서울 용산구 보광로 90, (지번) 이태원동 21-1",02-792-7602,0
275,펫365동물병원,1.8,5건,"서울 성동구 독서당로 328 1층, (지번) 금호동4가 131",02-2282-3653,0
276,송파바로동물병원,3.8,13건,"서울 송파구 새말로 125 102호, (지번) 문정동 85",02-400-8575,0
277,경희궁바른동물병원,5.0,4건,"서울 종로구 송월길 99 경희궁자이 2단지 상가 2229호, (지번) 교남동 65",02-735-9088,0
278,신영동물병원,3.0,2건,"서울 서대문구 통일로 489, (지번) 홍은동 223-7",02-3217-1081,0
279,365동물병원,3.3,4건,"서울 도봉구 방학로 54, (지번) 방학동 713-35",02-6402-0365,0
280,차오름동물병원,5.0,6건,"서울 용산구 효창원로 14, (지번) 산천동 93-1",02-706-7975,0
281,온누리종합동물병원,5.0,1건,"서울 영등포구 도신로 186, (지번) 신길동 214-55",02-845-0780,0
282,에이블동물병원,3.6,14건,"서울 서초구 바우뫼로 211, (지번) 양재동 4-14",02-2058-1882,0
283,독립문동물병원,4.0,7건,"서울 서대문구 통일로 171-1, (지번) 냉천동 195",02-733-5060,0
284,라임동물병원,,,"서울 송파구 가락로 258 1층, (지번) 방이동 135-1",02-6227-7582,0
285,다온동물병원,3.8,4건,"서울 광진구 면목로 142, (지번) 중곡동 193-29",02-499-7582,0
286,닥터펫동물의료센터,3.4,10건,"서울 강남구 선릉로 620, (지번) 삼성동 35-3",02-3443-8275,0
287,유케어종합동물병원,2.4,8건,"서울 동작구 상도로 214 성은빌딩 1층, (지번) 상도동 27-12",02-3280-8275,0
288,그랜드동물병원,4.4,14건,"서울 동대문구 전농로 77 1층, (지번) 답십리동 250-1",02-2214-6129,0
289,한사랑동물병원,4.7,11건,"서울 용산구 신흥로 36-1, (지번) 용산동2가 45-7",02-749-8275,0
290,스카이동물병원,5.0,3건,"서울 강서구 양천로 72 1층 107호, (지번) 방화동 569-12",02-2666-5667,0
291,망원동물병원,5.0,3건,"서울 마포구 월드컵로 65, (지번) 망원1동 386-2",02-332-0017,0
292,해맑은동물병원,2.4,5건,"서울 광진구 뚝섬로 670 1층, (지번) 자양동 662-13",02-6954-7582,0
293,용마동물병원,5.0,4건,"서울 광진구 용마산로 66, (지번) 중곡동 58-18",02-446-2349,0
294,황동물병원,4.2,5건,"서울 중구 퇴계로 254-1, (지번) 묵정동 32-1",02-2278-0075,0
295,형제종합동물병원,1.7,6건,"서울 관악구 남부순환로 1747-1, (지번) 봉천동 923-23",02-875-7835,0
296,푸른숲동물병원,5.0,1건,"서울 마포구 월드컵로 98 서현빌딩 1층, (지번) 서교동 5-2",02-335-7577,0
297,디아나동물병원,5.0,7건,"서울 서초구 방배로 119 1층, (지번) 방배동 925-8",02-521-9010,0
298,그린동물병원,3.0,2건,"서울 금천구 독산로 272, (지번) 독산4동 193-31",02-856-4113,0
299,스마트동물병원 성북길음점,5.0,3건,"서울 성북구 길음로13길 22 길음뉴타운7단지두산위브 상가동 103호, (지번) 길음동 1285",02-941-5575,0
300,24시명동물메디컬센터,2.3,9건,"서울 구로구 남부순환로 775 개봉푸르지오상가 105동 201,202호, (지번) 개봉동 492",02-2619-5102,0
301,넬동물의료센터,5.0,3건,"서울 성북구 오패산로 75-1, (지번) 하월곡동 76-16",02-6925-4347,0
302,해피동물병원,0.0,0건,"서울 구로구 중앙로 67, (지번) 고척동 50-95",02-2619-7533,0
303,다움동물병원,5.0,9건,"서울 영등포구 가마산로 449-1 영민빌딩 1층, (지번) 신길동 324-49",02-831-0075,0
304,치료해주오 중랑구동물병원,4.2,5건,"서울 중랑구 동일로 925 3층, (지번) 묵동 238-8",02-949-7577,0
305,리즈동물병원,3.7,3건,"서울 양천구 목동중앙로 43, (지번) 목4동 773-3",02-2062-1110,0
306,영국동물병원,0.0,0건,"서울 송파구 동남로18길 23, (지번) 가락2동 190-6",02-430-7005,0
307,신정동물병원,5.0,4건,"서울 양천구 오목로 198-1, (지번) 신정동 987-3",02-2697-7576,0
308,LC24동물의료센터,3.0,2건,"서울 성동구 천호대로 288, (지번) 용답동 74-2",02-3394-7530,0
309,메종동물병원,4.3,6건,"서울 중구 다산로 230 하나빌딩 1층, (지번) 신당동 102-6",02-2038-7555,0
310,드림동물병원,4.7,13건,"서울 성북구 동소문로 74, (지번) 동소문동5가 8-1",02-928-7582,0
311,임재성동물의료센터,0.0,0건,"서울 강남구 일원로9길 74 1층, (지번) 일원동 645-11",02-451-7582,0
312,창문동물병원,5.0,5건,"서울 강북구 월계로 35, (지번) 미아동 48-24",02-988-0251,0
313,닥터표동물병원,3.4,11건,"서울 강동구 올림픽로 566 1층, (지번) 성내동 322-7",02-484-4063,0
314,고려동물병원,1.0,1건,"서울 관악구 시흥대로 552-1, (지번) 신림동 1655-23",02-861-7582,0
315,파리스동물병원,1.0,2건,"서울 양천구 목동서로 100 목동신시가지아파트3단지 상가 1층, (지번) 목동 903",02-2644-8878,0
316,위즈동물병원,2.0,4건,"서울 강북구 도봉로 202, (지번) 미아동 197-9",02-987-7959,0
317,서초M동물의료센터,4.0,3건,"서울 서초구 서초중앙로 72, (지번) 서초동 1624-14",02-588-7511,0
318,캥거루동물병원,4.4,7건,"서울 구로구 오류로 55, (지번) 오류동 166-9",02-2066-2579,0
319,아이사랑동물병원,4.7,10건,"서울 강북구 삼양로24길 19 현대성우아파트 상가 102동 110호, (지번) 미아동 561-2",02-946-0011,0
320,우장산동물의료센터,5.0,1건,"서울 강서구 강서로 282, (지번) 내발산동 702-16",02-2664-8275,0
321,양지가축동물병원,5.0,2건,"서울 강동구 천호대로191길 6, (지번) 길동 402-10",02-478-2208,0
322,서울탑동물병원,4.0,5건,"서울 양천구 중앙로 237, (지번) 신정동 1182-11",02-2601-8875,0
323,제일종합동물병원,2.0,4건,"서울 금천구 독산로 58, (지번) 시흥동 837-37",02-894-3030,0
324,오거리동물병원,1.0,9건,"서울 은평구 가좌로 239, (지번) 응암동 589-12",02-306-0158,0
325,한가람동물의료센터,2.9,11건,"서울 영등포구 도신로 252 1층, (지번) 신길동 100-12",02-844-7775,0
326,나눔동물병원,4.4,5건,"서울 관악구 남부순환로 1964, (지번) 봉천동 1656-22",02-888-0976,0
327,참동물병원,4.5,6건,"서울 영등포구 영등포로 376, (지번) 신길동 95-39",02-841-0075,0
328,신림종합동물병원,3.0,6건,"서울 관악구 신림로 157-1, (지번) 신림동 395-53",02-877-5599,0
329,위드펫동물병원,2.3,3건,"서울 송파구 백제고분로 161, (지번) 잠실동 234-17",02-2202-0075,0
330,상아동물병원,5.0,1건,"서울 양천구 목동로 181, (지번) 신정4동 995-4",02-2644-0069,0
331,백슬동물병원,3.2,9건,"서울 중구 만리재로 177 105호, (지번) 만리동2가 10-1",,0
332,박효리군동물병원,5.0,2건,"서울 마포구 포은로 64, (지번) 망원동 338-76",02-326-0275,0
333,개포별빛동물병원,3.7,3건,"서울 강남구 논현로 70 동성빌딩 1층, (지번) 개포동 1229-11",02-573-7582,0
334,양천종합동물병원,1.6,5건,"서울 양천구 오목로 45, (지번) 신월4동 444-11",02-2607-0022,0
335,함께하는동물병원,4.3,7건,"서울 성동구 독서당로 200, (지번) 옥수동 263-1",02-2299-3283,0
336,다솜동물병원,5.0,2건,"서울 은평구 응암로 152 1층, (지번) 응암동 603-52",02-3477-7667,0
337,노룬산동물병원,5.0,6건,"서울 광진구 뚝섬로 462, (지번) 자양4동 236-127",02-464-2748,0
338,보라매동물병원,4.4,5건,"서울 관악구 봉천로 239, (지번) 봉천동 971-14",02-885-2130,0
339,성신동물병원,4.4,7건,"서울 성북구 아리랑로 18, (지번) 동선동5가 1",02-927-7517,0
340,서울종합동물병원,1.8,8건,"서울 관악구 신림로 233, (지번) 서림동 408-143",02-888-8807,0
341,노아동물병원,0.0,0건,"서울 양천구 목동동로10길 6 1층, (지번) 신정동 294-62",02-2654-6183,0
342,피카소동물병원,3.3,7건,"서울 광진구 광나루로 392-1, (지번) 화양동 216",02-467-3673,0
343,주주동물병원,3.8,4건,"서울 동대문구 사가정로 121, (지번) 전농동 38-24",02-2244-1081,0
344,트윈스동물병원,4.2,5건,"서울 도봉구 도봉로110다길 20, (지번) 창동 650-11",02-906-7575,0
345,더블유동물병원,5.0,3건,"서울 관악구 은천로 85 1,2층, (지번) 봉천동 622-74",02-883-0007,0
346,더케이동물병원,4.0,9건,"서울 동대문구 답십리로 140 세기프라자 210호,211호, (지번) 답십리동 1003-2",02-2213-8875,0
347,신천동물병원,2.3,12건,"서울 송파구 석촌호수로 108, (지번) 잠실동 242-4",02-420-0975,0
348,바우라움동물병원,5.0,4건,"서울 성동구 왕십리로 241 파크에비뉴 엔터식스 4층, (지번) 행당동 155-1",02-6454-6182,0
349,해동물병원,4.2,5건,"서울 종로구 지봉로 53-1 1층, (지번) 창신동 80-1",02-744-9098,0
350,현대종합동물병원,3.4,5건,"서울 도봉구 도봉로 669, (지번) 방학동 680-6",02-3491-8000,0
351,로잔동물의료센터,4.0,28건,"서울 관악구 관악로29길 3 수안빌딩 1층, (지번) 봉천동 40-29",02-872-7588,0
352,한빛동물병원,4.3,3건,"서울 도봉구 덕릉로 256, (지번) 창동 568-5",02-992-0074,0
353,아띠동물병원,3.3,7건,"서울 동대문구 사가정로 51, (지번) 전농동 322-31",02-6242-8275,0
354,엔젤동물병원,5.0,2건,"서울 중랑구 겸재로 187, (지번) 면목동 102-51",02-435-0166,0
355,푸른동물종합병원,1.0,6건,"서울 동대문구 홍릉로 48-1, (지번) 청량리동 359",02-963-7582,0
356,신길온동물병원,5.0,6건,"서울 영등포구 신풍로 77 래미안에스티움상가동 C동 119호, (지번) 신길동 4950",02-848-7975,0
357,유림동물안과병원,3.7,3건,"서울 서초구 강남대로 631 크레신타워 1층, (지번) 잠원동 8-24",02-593-1045,0
358,우리동생동물병원 청담점,4.1,18건,"서울 강남구 학동로81길 9 라테라스 청담 1층, (지번) 청담동 76-12",02-335-3333,0
359,동물병원공감,4.2,5건,"서울 강동구 양재대로 1609, (지번) 천호동 25-6",02-484-7975,0
360,포이종합동물병원,1.0,2건,"서울 강남구 개포로 223, (지번) 개포동 1258-1",,0
361,서초동물병원,2.0,4건,"서울 서초구 효령로57길 4, (지번) 서초동 1603-66",02-582-2357,0
362,펫트리 동물의료센터,4.0,4건,"서울 강동구 양재대로 1453 1층, (지번) 길동 413-46",02-6949-5775,0
363,파란종합동물병원,3.3,8건,"서울 양천구 신월로 149, (지번) 신월동 546-25",,0
364,굿파파24시 반려동물건강검진센터,1.9,16건,"서울 동작구 사당로 289, (지번) 사당동 148-9",02-593-8275,0
365,롯데동물병원,5.0,2건,"서울 노원구 동일로207길 17, (지번) 중계동 503",02-973-5959,0
366,유앤동물의료원,5.0,4건,"서울 송파구 양재대로 1148, (지번) 오금동 17",02-2043-7582,0
367,쓰담쓰담 동물병원,5.0,7건,"서울 성북구 종암로 113 1층, (지번) 종암동 86-1",02-927-7585,0
368,마음을나누는 동물병원,3.6,19건,"서울 서대문구 신촌로35길 10 이편한세상신총4단지 지하1층, (지번) 북아현동 1015",02-365-7582,0
369,신월동물병원,5.0,1건,"서울 양천구 신월로 124 원두빌딩 1층, (지번) 신월동 1002-3",02-2607-7582,0
370,우리덕구동물병원,5.0,5건,"서울 은평구 진관2로 77 은평뉴타운우물골 205동 B104호, (지번) 진관동 83",02-6953-8275,0
371,그레이스 동물병원,2.6,10건,"서울 강남구 학동로6길 18, (지번) 논현1동 122-20",02-3442-5554,0
372,제인동물병원,0.0,0건,"서울 성동구 뚝섬로 395, (지번) 성수동2가 339-23",02-468-7582,0
373,오류동물병원,0.0,0건,"서울 구로구 경인로 236 103동 1층, (지번) 오류동 33-1",02-2612-3232,0
374,정말로동물병원,4.6,10건,"서울 양천구 신월로10길 22 2층, (지번) 신월동 559-7",02-2691-8119,0
375,카카오N동물병원,5.0,4건,"서울 성북구 길음로 33 래미안 8단지 아파트 25호 카카오N동물병원, (지번) 길음동 1284-17",,0
376,예일동물병원,,,"서울 관악구 봉천로 232 2층, (지번) 신림동 1429-3",02-832-0081,0
377,우솔동물병원,4.3,6건,"서울 노원구 화랑로 349, (지번) 월계동 26-13",02-973-7588,0
378,우리동물병원,3.3,6건,"서울 서대문구 통일로 197, (지번) 영천동 299",02-393-6675,0
379,올스타동물의료센터,3.0,8건,"서울 강서구 가로공원로 198, (지번) 화곡동 371-32",02-2065-7582,0
380,삼양동물병원,5.0,1건,"서울 강북구 삼양로 190 백운M빌딩 1층, (지번) 미아동 734-258",02-989-9552,0
381,사랑동물병원,5.0,3건,"서울 강동구 천중로49길 4 1층, (지번) 길동 345-5",02-6403-1750,0
382,개명동물종합병원,3.0,2건,"서울 구로구 개봉로 50, (지번) 개봉2동 403-141",02-2619-0888,0
383,라파엘종합동물병원,0.0,0건,"서울 서대문구 연희로 132, (지번) 연희동 88-20",02-333-8632,0
384,한얼동물병원,0.0,0건,"서울 은평구 응암로 226, (지번) 응암동 576-25",02-304-5553,0
385,송정동물메디컬센터,1.8,5건,"서울 강서구 공항대로 39, (지번) 공항동 28-10",02-2661-0530,0
386,힐링동물병원,4.2,5건,"서울 마포구 백범로31길 7 공덕SK리더스뷰 101동 104호, (지번) 공덕동 385-78",02-713-8275,0
387,가락동물병원,4.6,20건,"서울 송파구 오금로 247, (지번) 방이동 226-9",02-413-0075,0
388,미래동물병원,3.7,3건,"서울 노원구 공릉로 168, (지번) 공릉동 411-26",02-949-5975,0
389,푸른들동물병원,5.0,1건,"서울 강서구 양천로 663-1 1층, (지번) 염창동 246-11",02-2699-1222,0
390,메디펫동물병원,5.0,4건,"서울 은평구 통일로 885, (지번) 갈현동 394-27",02-384-0075,0
391,나은동물병원,3.7,6건,"서울 강남구 개포로 243 흥진빌딩 101호, (지번) 개포동 1259-4",02-577-7582,0
392,드림동물병원,5.0,11건,"서울 구로구 중앙로8길 11, (지번) 고척동 343",02-3666-0204,0
393,신풍동물병원,1.6,7건,"서울 영등포구 신길로 70, (지번) 신길동 3611",02-835-7572,0
394,도담동물병원,1.0,2건,"서울 도봉구 도봉로 875, (지번) 도봉1동 562-26",02-955-8400,0
395,비타민동물병원,4.0,4건,"서울 관악구 인헌6길 8, (지번) 봉천동 1638-24",02-875-7582,0
396,동물병원위드,3.2,16건,"서울 강북구 덕릉로 79, (지번) 수유동 47-69",02-904-0075,0
397,온동물병원,3.1,7건,"서울 금천구 독산로 225, (지번) 독산동 1023-14",,0
398,다루동물병원,4.4,13건,"서울 은평구 불광로 60 라비앙타워 102호, (지번) 불광동 554-1",02-356-8353,0
399,21세기 종합동물병원,4.0,4건,"서울 용산구 보광로 46, (지번) 보광동 259-1",02-749-6750,0
400,웰펫동물병원,5.0,3건,"서울 중구 동호로 178, (지번) 신당동 373-64",02-2256-7582,0
401,여의도동물병원,4.8,4건,"서울 영등포구 국제금융로 108 은하빌딩 4층, (지번) 여의도동 53-3",02-783-7580,0
402,가나동물병원,4.0,1건,"서울 도봉구 방학로 162, (지번) 방학동 665-11",02-3491-4748,0
403,콩닥동물병원,4.7,13건,"서울 마포구 마포대로 127 풍림VIP텔빌딩 1층 102호, (지번) 공덕동 404",02-6383-0303,0
404,담은동물병원,4.1,9건,"서울 은평구 통일로 796, (지번) 불광동 643",02-356-9475,0
405,닥터스종합동물병원,3.1,11건,"서울 노원구 월계로 336 상천빌딩 1층, (지번) 월계동 292-59",02-905-7588,0
406,고덕고래힐동물병원,0.0,0건,"서울 강동구 아리수로50길 50 고덕래미안힐스테이트 상가 2층 212호, 213호, (지번) 고덕동 688",02-441-5515,0
407,굿모닝동물병원,5.0,2건,"서울 강서구 방화대로47가길 7, (지번) 방화동 830-3",02-2665-8256,0
408,광진동물의료센터,1.8,21건,"서울 광진구 광나루로 507, (지번) 구의동 68-37",02-457-4545,0
409,보노보노동물병원,3.0,8건,"서울 강북구 삼양로 336 1층, (지번) 수유동 472-268",02-903-5525,0
410,마음사랑동물병원,0.0,0건,"서울 강서구 수명로 82, (지번) 내발산동 750",02-2666-2611,0
411,이상윤동물병원,5.0,5건,"서울 용산구 이촌로 248, (지번) 이촌동 300-23",02-792-5455,0
412,동물병원다온,5.0,1건,"서울 강남구 도곡로 174 1~2층, (지번) 도곡동 545-6",02-576-1239,0
413,신월라온동물의료센터,5.0,2건,"서울 양천구 신월로 179 1층, (지번) 신월동 536-6",02-2694-7575,0
414,더편한동물병원,5.0,7건,"서울 성북구 숭인로 50 길음래미안센터피스 108동 상가 2층 2203호, (지번) 길음동 486-9",02-982-7975,0
415,로이동물병원,3.8,6건,"서울 성북구 아리랑로 27, (지번) 동소문동6가 237",02-927-7878,0
416,드림펫동물병원,5.0,1건,"서울 광진구 능동로 407, (지번) 중곡동 166-6",02-464-7588,0
417,두리틀동물병원,3.0,5건,"서울 서대문구 응암로 66, (지번) 북가좌동 306-21",02-302-3275,0
418,한남동물병원,4.3,11건,"서울 용산구 대사관로24길 28, (지번) 한남동 642-4",02-793-9230,0
419,하트온동물병원,5.0,4건,"서울 강서구 곰달래로 260, (지번) 화곡동 796-1",02-2644-5975,0
420,도림하나동물병원,0.0,0건,"서울 영등포구 도영로 31 1층, (지번) 도림동 216-2",,0
421,별난동물병원,4.5,2건,"서울 도봉구 도봉로 603, (지번) 쌍문동 716-31",02-905-9119,0
422,준25시동물병원,0.0,0건,"서울 송파구 석촌호수로 138, (지번) 삼전동 22-1",02-415-7580,0
423,아이본동물병원,4.0,10건,"서울 광진구 자양로 48 1층 104호, (지번) 자양동 681",02-455-5975,0
424,왈츠샵동물병원,5.0,7건,"서울 영등포구 가마산로 324 1층 1, 2호, (지번) 대림동 776-2",02-834-7582,0
425,화랑동물병원,3.7,3건,"서울 노원구 화랑로 473, (지번) 공릉동 653-10",02-949-7512,0
426,고척원동물의료센터,5.0,2건,"서울 구로구 경인로 403, (지번) 고척동 76-38",02-856-7582,0
427,하나사랑 동물종합병원,5.0,2건,"서울 동작구 상도로 171, (지번) 상도2동 366-24",02-822-7574,0
428,이을반려동물케어센터,,,"서울 서초구 사평대로20길 3 1층, (지번) 반포동 106-13",02-593-7575,0
429,바라봄동물병원,5.0,3건,"서울 성동구 왕십리로 410 센트라스 127동 지하 3호, (지번) 상왕십리동 805-2",02-2297-9300,0
430,굿모닝동물병원,4.4,5건,"서울 마포구 독막로 295, (지번) 염리동 164-4",02-711-3375,0
431,대현동물병원,4.4,8건,"서울 양천구 목동중앙본로 100, (지번) 목동 531-13",02-2651-1855,0
432,사랑해요동물병원,5.0,1건,"서울 도봉구 시루봉로 59, (지번) 쌍문동 262-10",02-907-7512,0
433,닥터멍동물병원,1.0,2건,"서울 중랑구 상봉로 17 1층, (지번) 면목동 71-41",02-439-7582,0
434,봄날동물병원,4.3,6건,"서울 양천구 목동중앙로 89, (지번) 목동 753",02-6949-0413,0
435,행복한동물병원,3.1,7건,"서울 관악구 은천로 121, (지번) 봉천동 464-38",02-887-7179,0
436,서서울호수동물병원,2.4,5건,"서울 양천구 남부순환로 421 1층, (지번) 신월동 130-5",02-6959-8448,0
437,금천종합동물병원,1.0,1건,"서울 금천구 독산로 188, (지번) 독산동 378-397",02-894-8085,0
438,위례별동물의료센터,5.0,13건,"서울 송파구 위례광장로 230 위례아이파크 상가a동 119,120호, (지번) 장지동 884",02-401-7579,0
439,강서동물종합병원,2.9,12건,"서울 강서구 곰달래로15길 46, (지번) 화곡동 421-23",,0
440,피닉스동물병원,3.9,7건,"서울 동작구 상도로 43, (지번) 대방동 395-4",02-813-7579,0
441,은행나무동물병원,5.0,3건,"서울 금천구 금하로 694, (지번) 시흥동 909-5",02-804-0975,0
442,한동물병원,3.5,8건,"서울 서초구 동산로 66, (지번) 양재동 377-4",02-577-3690,0
443,구로종합동물병원,2.3,3건,"서울 구로구 경인로 638 신도림 sk뷰 101동 103호,104호, (지번) 신도림동 432-1",02-2631-0085,0
444,길음동물병원,5.0,4건,"서울 성북구 동소문로 248, (지번) 길음동 1276",02-913-1874,0
445,교대동물병원,2.6,5건,"서울 서초구 서초대로 325, (지번) 서초동 1690-2",02-596-1175,0
446,삼성동물종합병원,3.0,6건,"서울 도봉구 도봉로 499, (지번) 쌍문동 88-115",02-902-7582,0
447,내방동물병원,1.9,14건,"서울 서초구 서초대로 108, (지번) 방배동 898-1",02-3473-8274,0
448,박형우동물병원,5.0,3건,"서울 강동구 올림픽로 568 2층, (지번) 성내동 322-6",02-488-8275,0
449,하나동물병원,4.4,7건,"서울 서초구 헌릉로8길 10-12, (지번) 신원동 412-1",02-574-0511,0
450,세진동물병원,3.9,11건,"서울 중랑구 망우로 396, (지번) 망우동 490-7",02-436-7311,0
451,도담동물병원,4.0,3건,"서울 은평구 역말로 7, (지번) 역촌동 51-22",02-388-0275,0
452,우신종합동물병원,3.7,6건,"서울 영등포구 신길로 168, (지번) 신길동 232-15",02-836-6509,0
453,한마음동물병원,4.3,3건,"서울 은평구 갈현로 35, (지번) 신사1동 9-34",02-355-7931,0
454,금강종합동물병원,4.0,4건,"서울 구로구 경인로 196 1층, (지번) 오류동 48-1",02-2686-8008,0
455,도담도담동물병원,3.7,10건,"서울 성북구 화랑로 76 코업스타클래스 114 1층 ,114-1호,115호, (지번) 하월곡동 46-73",02-943-7582,0
456,희망동물병원,4.8,9건,"서울 송파구 올림픽로 88, (지번) 잠실동 175-12",02-414-7588,0
457,안암동물병원,5.0,1건,"서울 동대문구 안암로 40, (지번) 용두동 732-5",02-925-3686,0
458,화곡동물병원,0.0,0건,"서울 강서구 까치산로 80, (지번) 화곡동 24-167",02-2602-0507,0
459,빛가온동물병원,4.5,2건,"서울 서대문구 통일로 375, (지번) 홍제동 90-67",02-736-5834,0
460,압구정 웰동물병원,5.0,5건,"서울 강남구 압구정로 108, (지번) 신사동 528-3",02-3443-0275,0
461,강북동물병원,5.0,2건,"서울 성북구 종암로 65, (지번) 종암동 19-1",02-924-4555,0
462,모모동물병원,5.0,1건,"서울 강서구 마곡중앙1로 20 마곡M시그니처 205호, (지번) 마곡동 798-14",02-2662-7975,0
463,보람동물병원,1.0,1건,"서울 광진구 군자로 84, (지번) 군자동 363-4",02-465-7582,0
464,커비동물병원,5.0,2건,"서울 강남구 강남대로122길 47 보령빌딩 1층 104호, (지번) 논현동 159-23",02-545-8952,0
465,벨라동물병원,,,"서울 구로구 구로중앙로34길 30, (지번) 구로동 501-12",02-859-8775,0
466,늘푸른종합동물병원,4.4,5건,"서울 송파구 마천로5길 16, (지번) 오금동 17-2",02-449-0101,0
